{
  "config": {
    "run_name": "exp1_2",
    "out_dir": "./results",
    "seed": 41402078,
    "device": "cuda",
    "bs_train": 128,
    "bs_test": 32,
    "batches": 100,
    "epochs": 100,
    "early_stopping": 3,
    "checkpoints": null,
    "lr": 0.001,
    "reg": 0.001,
    "filters_per_layer": [
      32
    ],
    "layers_per_block": 8,
    "pool_every": 8,
    "hidden_dims": [
      100
    ],
    "model_type": "cnn",
    "kw": {}
  },
  "results": {
    "num_epochs": 8,
    "train_loss": [
      1.8082622289657593,
      1.3045427799224854,
      1.1007308959960938,
      0.9760870337486267,
      0.8731018304824829,
      0.7867584824562073,
      0.7053325772285461,
      0.6479882597923279
    ],
    "train_acc": [
      33.22200012207031,
      53.01799774169922,
      60.757999420166016,
      65.23600006103516,
      69.1780014038086,
      72.38199615478516,
      75.1719970703125,
      77.10199737548828
    ],
    "test_loss": [
      1.568640112876892,
      1.2403019666671753,
      1.173647165298462,
      1.1291555166244507,
      1.0793609619140625,
      1.146796703338623,
      1.2644429206848145,
      1.4108388423919678
    ],
    "test_acc": [
      44.23999786376953,
      56.05999755859375,
      59.39999771118164,
      61.0,
      63.0099983215332,
      61.529998779296875,
      60.779998779296875,
      58.71999740600586
    ]
  }
}