{
  "config": {
    "run_name": "exp1_3",
    "out_dir": "./results",
    "seed": 59504745,
    "device": "cuda",
    "bs_train": 128,
    "bs_test": 32,
    "batches": 100,
    "epochs": 100,
    "early_stopping": 3,
    "checkpoints": null,
    "lr": 0.001,
    "reg": 0.001,
    "filters_per_layer": [
      64,
      128,
      256
    ],
    "layers_per_block": 4,
    "pool_every": 4,
    "hidden_dims": [
      100
    ],
    "model_type": "cnn",
    "kw": {}
  },
  "results": {
    "num_epochs": 10,
    "train_loss": [
      1.8920022249221802,
      1.4779632091522217,
      1.2809587717056274,
      1.1187238693237305,
      0.9797800183296204,
      0.8636364340782166,
      0.7796114087104797,
      0.7150294184684753,
      0.6471972465515137,
      0.5876554250717163
    ],
    "train_acc": [
      28.003999710083008,
      44.63800048828125,
      53.08599853515625,
      59.51199722290039,
      64.7439956665039,
      69.10800170898438,
      72.14599609375,
      74.68599700927734,
      77.11399841308594,
      79.30400085449219
    ],
    "test_loss": [
      1.639122724533081,
      1.3918650150299072,
      1.2043962478637695,
      1.0842266082763672,
      1.0296083688735962,
      1.0025557279586792,
      0.9177573323249817,
      0.9343593120574951,
      0.9819357395172119,
      1.0115740299224854
    ],
    "test_acc": [
      38.96999740600586,
      48.29999923706055,
      55.80999755859375,
      60.96999740600586,
      63.81999969482422,
      65.66999816894531,
      67.97999572753906,
      68.25,
      67.55999755859375,
      68.93000030517578
    ]
  }
}