{
  "config": {
    "run_name": "exp1_1",
    "out_dir": "./results",
    "seed": 587305594,
    "device": "cuda",
    "bs_train": 128,
    "bs_test": 32,
    "batches": 100,
    "epochs": 100,
    "early_stopping": 3,
    "checkpoints": null,
    "lr": 0.001,
    "reg": 0.001,
    "filters_per_layer": [
      64
    ],
    "layers_per_block": 8,
    "pool_every": 8,
    "hidden_dims": [
      100
    ],
    "model_type": "cnn",
    "kw": {}
  },
  "results": {
    "num_epochs": 7,
    "train_loss": [
      1.7343659400939941,
      1.226335048675537,
      0.9936864376068115,
      0.8593088984489441,
      0.7562239170074463,
      0.6573128700256348,
      0.592531144618988
    ],
    "train_acc": [
      36.2859992980957,
      56.35799789428711,
      64.83000183105469,
      69.75999450683594,
      73.5199966430664,
      76.77999877929688,
      78.96399688720703
    ],
    "test_loss": [
      1.3624358177185059,
      1.0988969802856445,
      1.0818064212799072,
      0.994530200958252,
      1.0463082790374756,
      1.1228671073913574,
      1.1478172540664673
    ],
    "test_acc": [
      50.68000030517578,
      61.37999725341797,
      63.78999710083008,
      66.5999984741211,
      66.01000213623047,
      65.3699951171875,
      66.48999786376953
    ]
  }
}