{
  "config": {
    "run_name": "exp1_1",
    "out_dir": "./results",
    "seed": 832996834,
    "device": null,
    "bs_train": 128,
    "bs_test": 32,
    "batches": 100,
    "epochs": 100,
    "early_stopping": 3,
    "checkpoints": null,
    "lr": 0.001,
    "reg": 0.001,
    "filters_per_layer": [
      32
    ],
    "layers_per_block": 8,
    "pool_every": 8,
    "hidden_dims": [
      1024
    ],
    "model_type": "cnn",
    "kw": {}
  },
  "results": {
    "num_epochs": 6,
    "train_loss": [
      1.7489041090011597,
      1.2116494178771973,
      0.9018409252166748,
      0.6785721778869629,
      0.4910423159599304,
      0.3396673798561096
    ],
    "train_acc": [
      35.73999786376953,
      56.301998138427734,
      67.89599609375,
      75.96199798583984,
      82.78199768066406,
      87.86799621582031
    ],
    "test_loss": [
      1.443578839302063,
      1.092391848564148,
      0.9894952178001404,
      1.1303905248641968,
      1.3612052202224731,
      1.5973224639892578
    ],
    "test_acc": [
      48.68000030517578,
      61.78999710083008,
      66.0,
      64.81999969482422,
      61.41999816894531,
      63.64999771118164
    ]
  }
}