{
  "config": {
    "run_name": "exp1_1",
    "out_dir": "./results",
    "seed": 439964422,
    "device": "cuda",
    "bs_train": 128,
    "bs_test": 32,
    "batches": 100,
    "epochs": 100,
    "early_stopping": 3,
    "checkpoints": null,
    "lr": 0.001,
    "reg": 0.001,
    "filters_per_layer": [
      32
    ],
    "layers_per_block": 4,
    "pool_every": 4,
    "hidden_dims": [
      100
    ],
    "model_type": "cnn",
    "kw": {}
  },
  "results": {
    "num_epochs": 7,
    "train_loss": [
      1.577619194984436,
      1.2224072217941284,
      1.0371297597885132,
      0.9090061187744141,
      0.8134503364562988,
      0.734913170337677,
      0.6617493033409119
    ],
    "train_acc": [
      42.7339973449707,
      56.141998291015625,
      63.11199951171875,
      67.94999694824219,
      71.2239990234375,
      74.06399536132812,
      76.72000122070312
    ],
    "test_loss": [
      1.302749752998352,
      1.1606892347335815,
      1.0459928512573242,
      1.0085269212722778,
      1.0274807214736938,
      1.0535396337509155,
      1.0826401710510254
    ],
    "test_acc": [
      53.52000045776367,
      59.0099983215332,
      62.91999816894531,
      64.93000030517578,
      64.58000183105469,
      64.29000091552734,
      65.55999755859375
    ]
  }
}