{
  "config": {
    "run_name": "exp1_4",
    "out_dir": "./results",
    "seed": 950322411,
    "device": "cuda",
    "bs_train": 128,
    "bs_test": 32,
    "batches": 100,
    "epochs": 100,
    "early_stopping": 3,
    "checkpoints": null,
    "lr": 0.001,
    "reg": 0.001,
    "filters_per_layer": [
      32
    ],
    "layers_per_block": 8,
    "pool_every": 8,
    "hidden_dims": [
      100
    ],
    "model_type": "resnet",
    "kw": {}
  },
  "results": {
    "num_epochs": 11,
    "train_loss": [
      1.6517621278762817,
      1.3452329635620117,
      1.1915209293365479,
      1.0555237531661987,
      0.9468969106674194,
      0.8648808002471924,
      0.7954408526420593,
      0.731830894947052,
      0.6781694889068604,
      0.6372356414794922,
      0.5927281379699707
    ],
    "train_acc": [
      40.599998474121094,
      51.77000045776367,
      57.5,
      62.731998443603516,
      66.70399475097656,
      69.552001953125,
      72.10399627685547,
      74.2459945678711,
      76.36799621582031,
      77.73799896240234,
      79.36000061035156
    ],
    "test_loss": [
      1.4504348039627075,
      1.2545143365859985,
      1.119031310081482,
      1.0181950330734253,
      0.9618786573410034,
      0.9366546273231506,
      0.9445471167564392,
      0.8981146812438965,
      0.9137427806854248,
      0.9270753264427185,
      0.938957929611206
    ],
    "test_acc": [
      47.54999923706055,
      54.69999694824219,
      60.41999816894531,
      64.20999908447266,
      66.05999755859375,
      67.3699951171875,
      67.58000183105469,
      68.98999786376953,
      68.66999816894531,
      68.40999603271484,
      68.37999725341797
    ]
  }
}