{
  "config": {
    "run_name": "exp1_2",
    "out_dir": "./results",
    "seed": 1498241889,
    "device": "cuda",
    "bs_train": 128,
    "bs_test": 32,
    "batches": 100,
    "epochs": 100,
    "early_stopping": 3,
    "checkpoints": null,
    "lr": 0.001,
    "reg": 0.001,
    "filters_per_layer": [
      128
    ],
    "layers_per_block": 8,
    "pool_every": 8,
    "hidden_dims": [
      100
    ],
    "model_type": "cnn",
    "kw": {}
  },
  "results": {
    "num_epochs": 8,
    "train_loss": [
      2.3069748878479004,
      2.3028054237365723,
      2.302720069885254,
      2.302717447280884,
      2.302718162536621,
      2.302716016769409,
      2.302715301513672,
      2.3027141094207764
    ],
    "train_acc": [
      9.77199935913086,
      9.657999992370605,
      9.719999313354492,
      9.579999923706055,
      9.625999450683594,
      9.633999824523926,
      9.607999801635742,
      9.637999534606934
    ],
    "test_loss": [
      2.302656888961792,
      2.302605152130127,
      2.302604913711548,
      2.302605152130127,
      2.302603006362915,
      2.3026044368743896,
      2.3026044368743896,
      2.302603006362915
    ],
    "test_acc": [
      10.0,
      10.0,
      10.0,
      10.0,
      10.0,
      10.0,
      10.0,
      10.0
    ]
  }
}