{
  "config": {
    "run_name": "exp1_2",
    "out_dir": "./results",
    "seed": 510381433,
    "device": "cuda",
    "bs_train": 128,
    "bs_test": 32,
    "batches": 100,
    "epochs": 100,
    "early_stopping": 3,
    "checkpoints": null,
    "lr": 0.001,
    "reg": 0.001,
    "filters_per_layer": [
      128
    ],
    "layers_per_block": 4,
    "pool_every": 4,
    "hidden_dims": [
      100
    ],
    "model_type": "cnn",
    "kw": {}
  },
  "results": {
    "num_epochs": 5,
    "train_loss": [
      1.519321322441101,
      1.0221651792526245,
      0.807151198387146,
      0.6528390645980835,
      0.535551905632019
    ],
    "train_acc": [
      45.05799865722656,
      63.92599868774414,
      71.78599548339844,
      77.33799743652344,
      81.25
    ],
    "test_loss": [
      1.1609872579574585,
      0.9661118984222412,
      0.9854385256767273,
      1.1012300252914429,
      1.1267454624176025
    ],
    "test_acc": [
      58.709999084472656,
      66.06999969482422,
      67.0999984741211,
      65.70999908447266,
      65.22999572753906
    ]
  }
}