{
  "config": {
    "run_name": "exp1_2",
    "out_dir": "./results",
    "seed": 848757043,
    "device": "cuda",
    "bs_train": 128,
    "bs_test": 32,
    "batches": 100,
    "epochs": 100,
    "early_stopping": 3,
    "checkpoints": null,
    "lr": 0.001,
    "reg": 0.001,
    "filters_per_layer": [
      64
    ],
    "layers_per_block": 4,
    "pool_every": 4,
    "hidden_dims": [
      100
    ],
    "model_type": "cnn",
    "kw": {}
  },
  "results": {
    "num_epochs": 6,
    "train_loss": [
      1.557229995727539,
      1.09408700466156,
      0.8672258853912354,
      0.7215997576713562,
      0.6162976026535034,
      0.5313028693199158
    ],
    "train_acc": [
      43.455997467041016,
      60.93199920654297,
      69.42399597167969,
      74.95199584960938,
      78.48600006103516,
      81.50399780273438
    ],
    "test_loss": [
      1.2425432205200195,
      0.9882950782775879,
      0.907223105430603,
      0.967043936252594,
      0.9736786484718323,
      1.087525725364685
    ],
    "test_acc": [
      55.619998931884766,
      65.12999725341797,
      67.88999938964844,
      67.43999481201172,
      67.0199966430664,
      65.93999481201172
    ]
  }
}