{
  "config": {
    "run_name": "exp1_4",
    "out_dir": "./results",
    "seed": 987395429,
    "device": "cuda",
    "bs_train": 128,
    "bs_test": 32,
    "batches": 100,
    "epochs": 100,
    "early_stopping": 3,
    "checkpoints": null,
    "lr": 0.001,
    "reg": 0.001,
    "filters_per_layer": [
      64,
      128,
      256
    ],
    "layers_per_block": 2,
    "pool_every": 2,
    "hidden_dims": [
      100
    ],
    "model_type": "resnet",
    "kw": {}
  },
  "results": {
    "num_epochs": 7,
    "train_loss": [
      1.5358868837356567,
      0.9974115490913391,
      0.7687103748321533,
      0.6281303763389587,
      0.5210569500923157,
      0.4366248548030853,
      0.365766316652298
    ],
    "train_acc": [
      43.57600021362305,
      64.46399688720703,
      72.95600128173828,
      77.9939956665039,
      81.7699966430664,
      84.79999542236328,
      87.06999969482422
    ],
    "test_loss": [
      1.107350468635559,
      0.893582284450531,
      0.8378564715385437,
      0.7643200159072876,
      0.795726478099823,
      0.8378587365150452,
      0.8809353113174438
    ],
    "test_acc": [
      60.34000015258789,
      68.9000015258789,
      71.55999755859375,
      75.12999725341797,
      74.61000061035156,
      74.63999938964844,
      74.83999633789062
    ]
  }
}