{
  "config": {
    "run_name": "exp1_1",
    "out_dir": "./results",
    "seed": 79991410,
    "device": null,
    "bs_train": 128,
    "bs_test": 32,
    "batches": 100,
    "epochs": 100,
    "early_stopping": 3,
    "checkpoints": null,
    "lr": 0.001,
    "reg": 0.001,
    "filters_per_layer": [
      64
    ],
    "layers_per_block": 2,
    "pool_every": 2,
    "hidden_dims": [
      1024
    ],
    "model_type": "cnn",
    "kw": {}
  },
  "results": {
    "num_epochs": 6,
    "train_loss": [
      1.4527815580368042,
      1.027071237564087,
      0.7966748476028442,
      0.6090360283851624,
      0.4388524889945984,
      0.32156187295913696
    ],
    "train_acc": [
      47.821998596191406,
      63.657997131347656,
      72.16999816894531,
      79.15399932861328,
      85.03799438476562,
      89.11599731445312
    ],
    "test_loss": [
      1.1844494342803955,
      0.996272087097168,
      0.9812710881233215,
      1.0451645851135254,
      1.2549712657928467,
      1.4140605926513672
    ],
    "test_acc": [
      58.37999725341797,
      65.26000213623047,
      66.97000122070312,
      66.62999725341797,
      65.45999908447266,
      65.02999877929688
    ]
  }
}