{
  "config": {
    "run_name": "exp1_4",
    "out_dir": "./results",
    "seed": 1951829036,
    "device": "cuda",
    "bs_train": 128,
    "bs_test": 32,
    "batches": 100,
    "epochs": 100,
    "early_stopping": 3,
    "checkpoints": null,
    "lr": 0.001,
    "reg": 0.001,
    "filters_per_layer": [
      64,
      128,
      256
    ],
    "layers_per_block": 4,
    "pool_every": 4,
    "hidden_dims": [
      100
    ],
    "model_type": "resnet",
    "kw": {}
  },
  "results": {
    "num_epochs": 8,
    "train_loss": [
      1.6480683088302612,
      1.1896573305130005,
      0.9598190188407898,
      0.7920194268226624,
      0.6593497395515442,
      0.5559802651405334,
      0.48962000012397766,
      0.4229179918766022
    ],
    "train_acc": [
      39.323997497558594,
      57.26599884033203,
      65.81199645996094,
      71.93999481201172,
      76.83999633789062,
      80.34400177001953,
      82.70999908447266,
      84.97000122070312
    ],
    "test_loss": [
      1.2971535921096802,
      1.0680660009384155,
      0.9667470455169678,
      0.8238707780838013,
      0.7994273900985718,
      0.8000677824020386,
      0.8607881665229797,
      0.8372793793678284
    ],
    "test_acc": [
      53.0,
      62.28999710083008,
      67.0,
      71.58000183105469,
      72.5199966430664,
      72.93999481201172,
      71.98999786376953,
      73.4000015258789
    ]
  }
}