{
  "config": {
    "run_name": "exp1_2",
    "out_dir": "./results",
    "seed": 609473312,
    "device": "cuda",
    "bs_train": 128,
    "bs_test": 32,
    "batches": 100,
    "epochs": 100,
    "early_stopping": 3,
    "checkpoints": null,
    "lr": 0.001,
    "reg": 0.001,
    "filters_per_layer": [
      64
    ],
    "layers_per_block": 2,
    "pool_every": 2,
    "hidden_dims": [
      100
    ],
    "model_type": "cnn",
    "kw": {}
  },
  "results": {
    "num_epochs": 9,
    "train_loss": [
      1.604364275932312,
      1.2258963584899902,
      1.0741521120071411,
      0.9776661396026611,
      0.9029606580734253,
      0.8405643105506897,
      0.7892476320266724,
      0.7399753332138062,
      0.6971483826637268
    ],
    "train_acc": [
      42.54999923706055,
      56.53799819946289,
      62.321998596191406,
      65.8479995727539,
      68.63999938964844,
      70.97799682617188,
      72.56800079345703,
      74.28799438476562,
      75.77999877929688
    ],
    "test_loss": [
      1.3331782817840576,
      1.1635421514511108,
      1.093263030052185,
      1.0499677658081055,
      1.0342885255813599,
      1.0153191089630127,
      1.0520594120025635,
      1.113197922706604,
      1.0996360778808594
    ],
    "test_acc": [
      52.41999816894531,
      59.39999771118164,
      61.75,
      63.349998474121094,
      63.66999816894531,
      64.66999816894531,
      64.19999694824219,
      62.72999954223633,
      63.40999984741211
    ]
  }
}