{
  "config": {
    "run_name": "exp1_1",
    "out_dir": "./results",
    "seed": 1592296337,
    "device": "cuda",
    "bs_train": 128,
    "bs_test": 32,
    "batches": 100,
    "epochs": 100,
    "early_stopping": 3,
    "checkpoints": null,
    "lr": 0.001,
    "reg": 0.001,
    "filters_per_layer": [
      64
    ],
    "layers_per_block": 4,
    "pool_every": 4,
    "hidden_dims": [
      100
    ],
    "model_type": "cnn",
    "kw": {}
  },
  "results": {
    "num_epochs": 6,
    "train_loss": [
      1.5827940702438354,
      1.1241297721862793,
      0.8945479393005371,
      0.7436525821685791,
      0.6268286108970642,
      0.5299619436264038
    ],
    "train_acc": [
      42.933998107910156,
      59.87999725341797,
      68.48199462890625,
      74.01799774169922,
      78.28399658203125,
      81.45800018310547
    ],
    "test_loss": [
      1.257063627243042,
      1.0256575345993042,
      0.9340550303459167,
      0.9474719166755676,
      1.1166677474975586,
      1.1095387935638428
    ],
    "test_acc": [
      54.959999084472656,
      64.1199951171875,
      66.94999694824219,
      67.93000030517578,
      64.88999938964844,
      66.33999633789062
    ]
  }
}