{
  "config": {
    "run_name": "exp1_2",
    "out_dir": "./results",
    "seed": 1913796162,
    "device": "cuda",
    "bs_train": 128,
    "bs_test": 32,
    "batches": 100,
    "epochs": 100,
    "early_stopping": 3,
    "checkpoints": null,
    "lr": 0.001,
    "reg": 0.001,
    "filters_per_layer": [
      256
    ],
    "layers_per_block": 2,
    "pool_every": 2,
    "hidden_dims": [
      100
    ],
    "model_type": "cnn",
    "kw": {}
  },
  "results": {
    "num_epochs": 9,
    "train_loss": [
      1.6010637283325195,
      1.233130931854248,
      1.1209945678710938,
      1.0434881448745728,
      0.9812039136886597,
      0.9265623092651367,
      0.8823439478874207,
      0.848272979259491,
      0.8134244084358215
    ],
    "train_acc": [
      43.01599884033203,
      56.22200012207031,
      60.39799880981445,
      63.205997467041016,
      65.36199951171875,
      67.39199829101562,
      68.9959945678711,
      70.2699966430664,
      71.4280014038086
    ],
    "test_loss": [
      1.3188656568527222,
      1.189274549484253,
      1.1384721994400024,
      1.103322982788086,
      1.085583209991455,
      1.07710599899292,
      1.0777392387390137,
      1.0936344861984253,
      1.1180282831192017
    ],
    "test_acc": [
      53.5099983215332,
      57.78999710083008,
      59.6099967956543,
      61.269996643066406,
      61.89999771118164,
      62.21999740600586,
      62.56999969482422,
      62.57999801635742,
      62.63999938964844
    ]
  }
}