{
  "config": {
    "run_name": "exp1_1",
    "out_dir": "./results",
    "seed": 389073111,
    "device": null,
    "bs_train": 128,
    "bs_test": 32,
    "batches": 100,
    "epochs": 100,
    "early_stopping": 3,
    "checkpoints": null,
    "lr": 0.001,
    "reg": 0.001,
    "filters_per_layer": [
      64
    ],
    "layers_per_block": 8,
    "pool_every": 8,
    "hidden_dims": [
      1024
    ],
    "model_type": "cnn",
    "kw": {}
  },
  "results": {
    "num_epochs": 5,
    "train_loss": [
      1.7325419187545776,
      1.1875452995300293,
      0.8825300931930542,
      0.6699442863464355,
      0.5129964351654053
    ],
    "train_acc": [
      36.4739990234375,
      57.25199890136719,
      68.74199676513672,
      76.43999481201172,
      82.197998046875
    ],
    "test_loss": [
      1.3404664993286133,
      1.0698027610778809,
      1.1242051124572754,
      1.3095685243606567,
      1.3866965770721436
    ],
    "test_acc": [
      50.44999694824219,
      62.099998474121094,
      63.689998626708984,
      61.72999954223633,
      59.30999755859375
    ]
  }
}