{
  "config": {
    "run_name": "exp1_2",
    "out_dir": "./results",
    "seed": 1500888307,
    "device": "cuda",
    "bs_train": 128,
    "bs_test": 32,
    "batches": 100,
    "epochs": 100,
    "early_stopping": 3,
    "checkpoints": null,
    "lr": 0.001,
    "reg": 0.001,
    "filters_per_layer": [
      64
    ],
    "layers_per_block": 8,
    "pool_every": 8,
    "hidden_dims": [
      100
    ],
    "model_type": "cnn",
    "kw": {}
  },
  "results": {
    "num_epochs": 7,
    "train_loss": [
      1.6634471416473389,
      1.1691131591796875,
      0.9608471989631653,
      0.8241280317306519,
      0.7155458331108093,
      0.6306823492050171,
      0.5593927502632141
    ],
    "train_acc": [
      39.12799835205078,
      58.4739990234375,
      66.20399475097656,
      71.15799713134766,
      74.93199920654297,
      77.88999938964844,
      80.25
    ],
    "test_loss": [
      1.27876615524292,
      1.1148245334625244,
      1.060243844985962,
      1.0598551034927368,
      1.2631279230117798,
      1.284837245941162,
      1.3884294033050537
    ],
    "test_acc": [
      54.81999969482422,
      60.769996643066406,
      63.79999923706055,
      64.8499984741211,
      62.56999969482422,
      63.30999755859375,
      62.209999084472656
    ]
  }
}