{
  "config": {
    "run_name": "exp1_2",
    "out_dir": "./results",
    "seed": 664515254,
    "device": "cuda",
    "bs_train": 128,
    "bs_test": 32,
    "batches": 100,
    "epochs": 100,
    "early_stopping": 3,
    "checkpoints": null,
    "lr": 0.001,
    "reg": 0.001,
    "filters_per_layer": [
      32
    ],
    "layers_per_block": 4,
    "pool_every": 4,
    "hidden_dims": [
      100
    ],
    "model_type": "cnn",
    "kw": {}
  },
  "results": {
    "num_epochs": 6,
    "train_loss": [
      1.5976057052612305,
      1.2065496444702148,
      1.027145266532898,
      0.889126181602478,
      0.783602237701416,
      0.6865213513374329
    ],
    "train_acc": [
      42.26799774169922,
      57.263999938964844,
      63.683998107910156,
      68.76399993896484,
      72.6240005493164,
      76.02999877929688
    ],
    "test_loss": [
      1.367258906364441,
      1.1378973722457886,
      1.0362827777862549,
      1.082456111907959,
      1.076202154159546,
      1.132309913635254
    ],
    "test_acc": [
      50.5099983215332,
      59.46999740600586,
      63.46999740600586,
      62.3599967956543,
      64.11000061035156,
      63.7599983215332
    ]
  }
}