{
  "config": {
    "run_name": "exp1_1",
    "out_dir": "./results",
    "seed": 1582436669,
    "device": "cuda",
    "bs_train": 128,
    "bs_test": 32,
    "batches": 100,
    "epochs": 100,
    "early_stopping": 3,
    "checkpoints": null,
    "lr": 0.001,
    "reg": 0.001,
    "filters_per_layer": [
      32
    ],
    "layers_per_block": 2,
    "pool_every": 2,
    "hidden_dims": [
      100
    ],
    "model_type": "cnn",
    "kw": {}
  },
  "results": {
    "num_epochs": 7,
    "train_loss": [
      1.5250005722045898,
      1.1470355987548828,
      0.976075291633606,
      0.874640703201294,
      0.790526807308197,
      0.7178886532783508,
      0.6503821611404419
    ],
    "train_acc": [
      45.31599807739258,
      59.573997497558594,
      65.83000183105469,
      69.51599884033203,
      72.66400146484375,
      75.15999603271484,
      77.65999603271484
    ],
    "test_loss": [
      1.262506365776062,
      1.0697453022003174,
      0.9984912872314453,
      0.9571370482444763,
      0.968208372592926,
      1.008773922920227,
      1.0682724714279175
    ],
    "test_acc": [
      55.28999710083008,
      62.53999710083008,
      65.02999877929688,
      67.11000061035156,
      66.9000015258789,
      66.43000030517578,
      65.47000122070312
    ]
  }
}