{
  "config": {
    "run_name": "exp1_1",
    "out_dir": "./results",
    "seed": 1904986774,
    "device": null,
    "bs_train": 128,
    "bs_test": 32,
    "batches": 100,
    "epochs": 100,
    "early_stopping": 3,
    "checkpoints": null,
    "lr": 0.001,
    "reg": 0.001,
    "filters_per_layer": [
      32
    ],
    "layers_per_block": 4,
    "pool_every": 4,
    "hidden_dims": [
      1024
    ],
    "model_type": "cnn",
    "kw": {}
  },
  "results": {
    "num_epochs": 6,
    "train_loss": [
      1.5137921571731567,
      1.044419288635254,
      0.7856484055519104,
      0.5695377588272095,
      0.41166019439697266,
      0.29136043787002563
    ],
    "train_acc": [
      45.36199951171875,
      62.87199783325195,
      72.46599578857422,
      80.10800170898438,
      85.72000122070312,
      89.68599700927734
    ],
    "test_loss": [
      1.186122179031372,
      0.9886074662208557,
      0.9587172865867615,
      1.1246966123580933,
      1.364661693572998,
      1.6102114915847778
    ],
    "test_acc": [
      57.65999984741211,
      65.51000213623047,
      67.54000091552734,
      65.80999755859375,
      63.72999954223633,
      64.76000213623047
    ]
  }
}