{
  "config": {
    "run_name": "exp1_1",
    "out_dir": "./results",
    "seed": 2019794792,
    "device": null,
    "bs_train": 128,
    "bs_test": 32,
    "batches": 100,
    "epochs": 100,
    "early_stopping": 3,
    "checkpoints": null,
    "lr": 0.001,
    "reg": 0.001,
    "filters_per_layer": [
      64
    ],
    "layers_per_block": 4,
    "pool_every": 4,
    "hidden_dims": [
      1024
    ],
    "model_type": "cnn",
    "kw": {}
  },
  "results": {
    "num_epochs": 5,
    "train_loss": [
      1.4345815181732178,
      0.9608432054519653,
      0.7065047025680542,
      0.5010048747062683,
      0.32640767097473145
    ],
    "train_acc": [
      48.19999694824219,
      66.02999877929688,
      75.43199920654297,
      82.63399505615234,
      88.5999984741211
    ],
    "test_loss": [
      1.0888711214065552,
      0.958427906036377,
      0.9900684952735901,
      1.2691705226898193,
      1.478577733039856
    ],
    "test_acc": [
      61.44999694824219,
      66.94999694824219,
      67.25,
      64.72999572753906,
      66.5
    ]
  }
}