{
  "config": {
    "run_name": "exp1_1",
    "out_dir": "./results",
    "seed": 585211976,
    "device": null,
    "bs_train": 128,
    "bs_test": 32,
    "batches": 100,
    "epochs": 100,
    "early_stopping": 3,
    "checkpoints": null,
    "lr": 0.001,
    "reg": 0.001,
    "filters_per_layer": [
      32
    ],
    "layers_per_block": 16,
    "pool_every": 16,
    "hidden_dims": [
      1024
    ],
    "model_type": "cnn",
    "kw": {}
  },
  "results": {
    "num_epochs": 7,
    "train_loss": [
      2.3031535148620605,
      2.3027455806732178,
      2.302706003189087,
      2.3026986122131348,
      2.3026978969573975,
      2.3026983737945557,
      2.3026981353759766
    ],
    "train_acc": [
      9.918000221252441,
      9.854000091552734,
      9.795999526977539,
      9.723999977111816,
      9.656000137329102,
      9.630000114440918,
      9.63599967956543
    ],
    "test_loss": [
      2.302635908126831,
      2.3026070594787598,
      2.302600860595703,
      2.302598714828491,
      2.3026010990142822,
      2.3025996685028076,
      2.3025996685028076
    ],
    "test_acc": [
      10.0,
      10.0,
      10.0,
      10.0,
      10.0,
      10.0,
      10.0
    ]
  }
}