{
  "config": {
    "run_name": "exp1_4",
    "out_dir": "./results",
    "seed": 521571592,
    "device": "cuda",
    "bs_train": 128,
    "bs_test": 32,
    "batches": 100,
    "epochs": 100,
    "early_stopping": 3,
    "checkpoints": null,
    "lr": 0.001,
    "reg": 0.001,
    "filters_per_layer": [
      64,
      128,
      256
    ],
    "layers_per_block": 8,
    "pool_every": 8,
    "hidden_dims": [
      100
    ],
    "model_type": "resnet",
    "kw": {}
  },
  "results": {
    "num_epochs": 15,
    "train_loss": [
      1.745496153831482,
      1.3896268606185913,
      1.226046085357666,
      1.0919140577316284,
      0.9788933992385864,
      0.8870194554328918,
      0.8134285807609558,
      0.7595439553260803,
      0.7070814371109009,
      0.658584475517273,
      0.6215572357177734,
      0.5807951092720032,
      0.5477169156074524,
      0.527062714099884,
      0.4991455078125
    ],
    "train_acc": [
      36.459999084472656,
      49.5359992980957,
      55.83799743652344,
      60.917999267578125,
      65.19599914550781,
      68.5979995727539,
      71.44999694824219,
      73.40399932861328,
      75.27999877929688,
      76.84600067138672,
      78.17399597167969,
      79.4959945678711,
      80.75399780273438,
      81.44400024414062,
      82.29000091552734
    ],
    "test_loss": [
      1.4420642852783203,
      1.3050028085708618,
      1.1472749710083008,
      1.0646306276321411,
      0.9670849442481995,
      0.9099538326263428,
      0.8605744242668152,
      0.8196682929992676,
      0.7977980971336365,
      0.7914688587188721,
      0.789454996585846,
      0.777698278427124,
      0.806760311126709,
      0.840797483921051,
      0.8236497044563293
    ],
    "test_acc": [
      47.06999969482422,
      53.029998779296875,
      59.599998474121094,
      62.21999740600586,
      65.79000091552734,
      68.22999572753906,
      69.70999908447266,
      71.23999786376953,
      72.02999877929688,
      72.75999450683594,
      73.20999908447266,
      73.5199966430664,
      73.11000061035156,
      72.3499984741211,
      73.48999786376953
    ]
  }
}