{
  "config": {
    "run_name": "exp1_1",
    "out_dir": "./results",
    "seed": 495390709,
    "device": "cuda",
    "bs_train": 128,
    "bs_test": 32,
    "batches": 100,
    "epochs": 100,
    "early_stopping": 3,
    "checkpoints": null,
    "lr": 0.001,
    "reg": 0.001,
    "filters_per_layer": [
      32
    ],
    "layers_per_block": 16,
    "pool_every": 16,
    "hidden_dims": [
      100
    ],
    "model_type": "cnn",
    "kw": {}
  },
  "results": {
    "num_epochs": 34,
    "train_loss": [
      2.303400754928589,
      2.302824020385742,
      2.3027732372283936,
      2.3027665615081787,
      2.302759885787964,
      2.3027541637420654,
      2.3027467727661133,
      2.3027431964874268,
      2.302739381790161,
      2.302734136581421,
      2.302727699279785,
      2.302722454071045,
      2.3027191162109375,
      2.3027169704437256,
      2.302713632583618,
      2.3027095794677734,
      2.3027069568634033,
      2.302704095840454,
      2.3027021884918213,
      2.302701950073242,
      2.302701950073242,
      2.302701950073242,
      2.3027024269104004,
      2.302701473236084,
      2.3027005195617676,
      2.3027002811431885,
      2.302699089050293,
      2.3026983737945557,
      2.3026983737945557,
      2.3026981353759766,
      2.3026978969573975,
      2.3026978969573975,
      2.3026981353759766,
      2.3026978969573975
    ],
    "train_acc": [
      9.86199951171875,
      9.77400016784668,
      9.77400016784668,
      9.727999687194824,
      9.802000045776367,
      9.802000045776367,
      9.817999839782715,
      9.805999755859375,
      9.831999778747559,
      9.903999328613281,
      9.894000053405762,
      9.877999305725098,
      9.826000213623047,
      9.811999320983887,
      9.663999557495117,
      9.753999710083008,
      9.760000228881836,
      9.793999671936035,
      9.785999298095703,
      9.769999504089355,
      9.755999565124512,
      9.743999481201172,
      9.743999481201172,
      9.736000061035156,
      9.72599983215332,
      9.815999984741211,
      9.639999389648438,
      9.625999450683594,
      9.63599967956543,
      9.63599967956543,
      9.63599967956543,
      9.63599967956543,
      9.63599967956543,
      9.63599967956543
    ],
    "test_loss": [
      2.3027451038360596,
      2.302649974822998,
      2.302645683288574,
      2.302639961242676,
      2.3026394844055176,
      2.3026390075683594,
      2.3026373386383057,
      2.30263614654541,
      2.3026368618011475,
      2.302633762359619,
      2.3026294708251953,
      2.3026278018951416,
      2.3026254177093506,
      2.302623987197876,
      2.3026154041290283,
      2.3026123046875,
      2.3026070594787598,
      2.302607297897339,
      2.3026063442230225,
      2.302607297897339,
      2.302607297897339,
      2.3026061058044434,
      2.3026061058044434,
      2.3026039600372314,
      2.3026044368743896,
      2.3026018142700195,
      2.3026010990142822,
      2.3025999069213867,
      2.302600145339966,
      2.302600383758545,
      2.3025996685028076,
      2.3025996685028076,
      2.3025996685028076,
      2.3025996685028076
    ],
    "test_acc": [
      10.0,
      10.0,
      10.0,
      10.0,
      10.0,
      10.0,
      10.0,
      10.0,
      10.0,
      10.0,
      10.0,
      10.0,
      10.0,
      10.0,
      10.0,
      10.0,
      10.0,
      10.0,
      10.0,
      10.0,
      10.0,
      10.0,
      10.0,
      10.0,
      10.0,
      10.0,
      10.0,
      10.0,
      10.0,
      10.0,
      10.0,
      10.0,
      10.0,
      10.0
    ]
  }
}