{
  "config": {
    "run_name": "exp1_2",
    "out_dir": "./results",
    "seed": 2021468654,
    "device": "cuda",
    "bs_train": 128,
    "bs_test": 32,
    "batches": 100,
    "epochs": 100,
    "early_stopping": 3,
    "checkpoints": null,
    "lr": 0.001,
    "reg": 0.001,
    "filters_per_layer": [
      256
    ],
    "layers_per_block": 4,
    "pool_every": 4,
    "hidden_dims": [
      100
    ],
    "model_type": "cnn",
    "kw": {}
  },
  "results": {
    "num_epochs": 6,
    "train_loss": [
      1.6167163848876953,
      1.148527979850769,
      0.9214907288551331,
      0.7646815180778503,
      0.6435827612876892,
      0.5219698548316956
    ],
    "train_acc": [
      41.59000015258789,
      59.16999816894531,
      67.66199493408203,
      73.33399963378906,
      77.76799774169922,
      81.79999542236328
    ],
    "test_loss": [
      1.2919995784759521,
      1.0905283689498901,
      0.9683089852333069,
      0.9747033715248108,
      1.0600813627243042,
      1.1777865886688232
    ],
    "test_acc": [
      53.689998626708984,
      61.91999816894531,
      66.55999755859375,
      67.4000015258789,
      67.04999542236328,
      66.22999572753906
    ]
  }
}