{
  "config": {
    "run_name": "exp1_1",
    "out_dir": "./results",
    "seed": 1760643030,
    "device": null,
    "bs_train": 128,
    "bs_test": 32,
    "batches": 100,
    "epochs": 100,
    "early_stopping": 3,
    "checkpoints": null,
    "lr": 0.001,
    "reg": 0.001,
    "filters_per_layer": [
      32
    ],
    "layers_per_block": 2,
    "pool_every": 2,
    "hidden_dims": [
      1024
    ],
    "model_type": "cnn",
    "kw": {}
  },
  "results": {
    "num_epochs": 6,
    "train_loss": [
      1.4787243604660034,
      1.0208985805511475,
      0.8159891963005066,
      0.6568758487701416,
      0.5038105249404907,
      0.37465763092041016
    ],
    "train_acc": [
      46.70399856567383,
      63.82999801635742,
      71.5199966430664,
      77.41600036621094,
      82.91799926757812,
      87.36799621582031
    ],
    "test_loss": [
      1.1407926082611084,
      0.97529137134552,
      0.9295234084129333,
      0.9659467339515686,
      1.1855666637420654,
      1.13957679271698
    ],
    "test_acc": [
      59.75,
      65.54000091552734,
      67.65999603271484,
      67.43000030517578,
      64.30999755859375,
      67.4000015258789
    ]
  }
}