{
  "config": {
    "run_name": "exp1_1",
    "out_dir": "./results",
    "seed": 174497311,
    "device": "cuda",
    "bs_train": 128,
    "bs_test": 32,
    "batches": 100,
    "epochs": 100,
    "early_stopping": 3,
    "checkpoints": null,
    "lr": 0.001,
    "reg": 0.001,
    "filters_per_layer": [
      64
    ],
    "layers_per_block": 2,
    "pool_every": 2,
    "hidden_dims": [
      100
    ],
    "model_type": "cnn",
    "kw": {}
  },
  "results": {
    "num_epochs": 7,
    "train_loss": [
      1.5339709520339966,
      1.1207255125045776,
      0.955489993095398,
      0.8428274393081665,
      0.7585553526878357,
      0.6768618226051331,
      0.6000216007232666
    ],
    "train_acc": [
      44.902000427246094,
      60.657997131347656,
      66.58999633789062,
      70.77999877929688,
      73.83799743652344,
      76.83799743652344,
      79.57999420166016
    ],
    "test_loss": [
      1.2909122705459595,
      1.0528817176818848,
      1.0016764402389526,
      0.9838617444038391,
      1.0089384317398071,
      1.0410339832305908,
      1.09845769405365
    ],
    "test_acc": [
      55.05999755859375,
      63.44999694824219,
      65.4000015258789,
      66.38999938964844,
      66.47999572753906,
      66.05999755859375,
      65.73999786376953
    ]
  }
}