{
  "config": {
    "run_name": "exp1_1",
    "out_dir": "./results",
    "seed": 2115942172,
    "device": "cuda",
    "bs_train": 128,
    "bs_test": 32,
    "batches": 100,
    "epochs": 100,
    "early_stopping": 3,
    "checkpoints": null,
    "lr": 0.001,
    "reg": 0.001,
    "filters_per_layer": [
      64
    ],
    "layers_per_block": 16,
    "pool_every": 16,
    "hidden_dims": [
      100
    ],
    "model_type": "cnn",
    "kw": {}
  },
  "results": {
    "num_epochs": 7,
    "train_loss": [
      2.3033273220062256,
      2.3028249740600586,
      2.3027591705322266,
      2.302746057510376,
      2.3027231693267822,
      2.3027234077453613,
      2.3027231693267822
    ],
    "train_acc": [
      9.973999977111816,
      10.057999610900879,
      9.911999702453613,
      9.696000099182129,
      9.656000137329102,
      9.753999710083008,
      9.777999877929688
    ],
    "test_loss": [
      2.3027572631835938,
      2.3026843070983887,
      2.3027517795562744,
      2.3026089668273926,
      2.302616834640503,
      2.302614688873291,
      2.3026154041290283
    ],
    "test_acc": [
      10.0,
      10.0,
      10.0,
      10.0,
      10.0,
      10.0,
      10.0
    ]
  }
}