{
  "config": {
    "run_name": "exp1_3",
    "out_dir": "./results",
    "seed": 461959506,
    "device": "cuda",
    "bs_train": 128,
    "bs_test": 32,
    "batches": 100,
    "epochs": 100,
    "early_stopping": 3,
    "checkpoints": null,
    "lr": 0.001,
    "reg": 0.001,
    "filters_per_layer": [
      64,
      128,
      256
    ],
    "layers_per_block": 3,
    "pool_every": 3,
    "hidden_dims": [
      100
    ],
    "model_type": "cnn",
    "kw": {}
  },
  "results": {
    "num_epochs": 9,
    "train_loss": [
      2.30263352394104,
      2.3029017448425293,
      2.302844524383545,
      2.302795648574829,
      2.30277943611145,
      2.302748203277588,
      2.302725315093994,
      2.3027255535125732,
      2.302722930908203
    ],
    "train_acc": [
      10.015999794006348,
      9.817999839782715,
      9.736000061035156,
      9.6899995803833,
      9.875999450683594,
      9.736000061035156,
      9.593999862670898,
      9.571999549865723,
      9.539999961853027
    ],
    "test_loss": [
      2.3027420043945312,
      2.302673578262329,
      2.3026459217071533,
      2.30263614654541,
      2.3026318550109863,
      2.3026061058044434,
      2.302607297897339,
      2.3026082515716553,
      2.3026084899902344
    ],
    "test_acc": [
      10.0,
      10.0,
      10.0,
      10.0,
      10.0,
      10.0,
      10.0,
      10.0,
      10.0
    ]
  }
}