{
  "config": {
    "run_name": "exp1_4",
    "out_dir": "./results",
    "seed": 212641844,
    "device": "cuda",
    "bs_train": 128,
    "bs_test": 32,
    "batches": 100,
    "epochs": 100,
    "early_stopping": 3,
    "checkpoints": null,
    "lr": 0.001,
    "reg": 0.001,
    "filters_per_layer": [
      32
    ],
    "layers_per_block": 16,
    "pool_every": 16,
    "hidden_dims": [
      100
    ],
    "model_type": "resnet",
    "kw": {}
  },
  "results": {
    "num_epochs": 17,
    "train_loss": [
      1.7351529598236084,
      1.5107067823410034,
      1.423256278038025,
      1.3679341077804565,
      1.324262022972107,
      1.2903183698654175,
      1.2601392269134521,
      1.233243465423584,
      1.2079849243164062,
      1.1859251260757446,
      1.1654490232467651,
      1.146981120109558,
      1.1284838914871216,
      1.1109325885772705,
      1.0944744348526,
      1.0789481401443481,
      1.0640522241592407
    ],
    "train_acc": [
      38.69199752807617,
      46.72599792480469,
      49.64799880981445,
      51.56399917602539,
      53.00199890136719,
      54.23999786376953,
      55.321998596191406,
      56.39399719238281,
      57.35799789428711,
      58.20800018310547,
      58.9219970703125,
      59.641998291015625,
      60.24599838256836,
      60.87399673461914,
      61.477996826171875,
      62.1359977722168,
      62.697998046875
    ],
    "test_loss": [
      1.5533393621444702,
      1.4619519710540771,
      1.4067314863204956,
      1.3720144033432007,
      1.344429850578308,
      1.3275402784347534,
      1.3161112070083618,
      1.3052362203598022,
      1.3006079196929932,
      1.2927680015563965,
      1.2866761684417725,
      1.2803244590759277,
      1.2815465927124023,
      1.2795655727386475,
      1.2810872793197632,
      1.2851555347442627,
      1.284845232963562
    ],
    "test_acc": [
      45.32999801635742,
      48.32999801635742,
      50.15999984741211,
      51.55999755859375,
      52.47999954223633,
      52.88999938964844,
      53.369998931884766,
      53.69999694824219,
      54.07999801635742,
      54.30999755859375,
      54.57999801635742,
      54.849998474121094,
      54.77000045776367,
      54.96999740600586,
      54.97999954223633,
      54.78999710083008,
      55.0099983215332
    ]
  }
}