{
  "config": {
    "run_name": "exp1_2",
    "out_dir": "./results",
    "seed": 1901521754,
    "device": "cuda",
    "bs_train": 128,
    "bs_test": 32,
    "batches": 100,
    "epochs": 100,
    "early_stopping": 3,
    "checkpoints": null,
    "lr": 0.001,
    "reg": 0.001,
    "filters_per_layer": [
      256
    ],
    "layers_per_block": 8,
    "pool_every": 8,
    "hidden_dims": [
      100
    ],
    "model_type": "cnn",
    "kw": {}
  },
  "results": {
    "num_epochs": 6,
    "train_loss": [
      1.7830181121826172,
      1.1916271448135376,
      0.8978496193885803,
      0.704813539981842,
      0.5660413503646851,
      0.46532848477363586
    ],
    "train_acc": [
      34.17599868774414,
      57.034000396728516,
      68.21599578857422,
      75.31199645996094,
      79.99800109863281,
      83.61599731445312
    ],
    "test_loss": [
      1.3736447095870972,
      1.100682020187378,
      1.003247857093811,
      1.0820189714431763,
      1.3032467365264893,
      1.4596738815307617
    ],
    "test_acc": [
      49.36000061035156,
      61.55999755859375,
      65.15999603271484,
      64.80999755859375,
      61.57999801635742,
      62.029998779296875
    ]
  }
}