{
  "config": {
    "run_name": "exp1_3",
    "out_dir": "./results",
    "seed": 1219290034,
    "device": "cuda",
    "bs_train": 128,
    "bs_test": 32,
    "batches": 100,
    "epochs": 100,
    "early_stopping": 3,
    "checkpoints": null,
    "lr": 0.001,
    "reg": 0.001,
    "filters_per_layer": [
      64,
      128,
      256
    ],
    "layers_per_block": 1,
    "pool_every": 1,
    "hidden_dims": [
      100
    ],
    "model_type": "cnn",
    "kw": {}
  },
  "results": {
    "num_epochs": 9,
    "train_loss": [
      1.5816190242767334,
      1.1457533836364746,
      0.9411578178405762,
      0.8132869005203247,
      0.7225731015205383,
      0.6395538449287415,
      0.5711835622787476,
      0.5185245871543884,
      0.4691053628921509
    ],
    "train_acc": [
      42.2599983215332,
      59.284000396728516,
      66.98199462890625,
      71.6520004272461,
      75.11799621582031,
      77.947998046875,
      80.2760009765625,
      82.0719985961914,
      83.70800018310547
    ],
    "test_loss": [
      1.2659900188446045,
      1.06895112991333,
      0.941753625869751,
      0.9077394008636475,
      0.8316516876220703,
      0.8094378709793091,
      0.811424195766449,
      0.8178815841674805,
      0.8563854098320007
    ],
    "test_acc": [
      54.98999786376953,
      62.59000015258789,
      67.22999572753906,
      68.8699951171875,
      71.83000183105469,
      72.79999542236328,
      72.8699951171875,
      72.95999908447266,
      72.31999969482422
    ]
  }
}