{
  "config": {
    "run_name": "exp1_3",
    "out_dir": "./results",
    "seed": 52359567,
    "device": "cuda",
    "bs_train": 128,
    "bs_test": 32,
    "batches": 100,
    "epochs": 100,
    "early_stopping": 3,
    "checkpoints": null,
    "lr": 0.001,
    "reg": 0.001,
    "filters_per_layer": [
      64,
      128,
      256
    ],
    "layers_per_block": 2,
    "pool_every": 2,
    "hidden_dims": [
      100
    ],
    "model_type": "cnn",
    "kw": {}
  },
  "results": {
    "num_epochs": 10,
    "train_loss": [
      1.745085597038269,
      1.2512016296386719,
      1.0012398958206177,
      0.8386616110801697,
      0.7182309627532959,
      0.6196166276931763,
      0.5487407445907593,
      0.5052722692489624,
      0.4462875425815582,
      0.3861245810985565
    ],
    "train_acc": [
      35.4839973449707,
      54.86199951171875,
      64.45800018310547,
      70.66799926757812,
      74.97200012207031,
      78.37799835205078,
      80.8499984741211,
      82.30799865722656,
      84.2979965209961,
      86.33399963378906
    ],
    "test_loss": [
      1.3893916606903076,
      1.1412752866744995,
      0.9765997529029846,
      0.8877357840538025,
      0.8485820889472961,
      0.8284637928009033,
      0.8129730820655823,
      0.8266537189483643,
      0.8854252099990845,
      0.984264612197876
    ],
    "test_acc": [
      49.65999984741211,
      60.18000030517578,
      66.02999877929688,
      68.97999572753906,
      71.29000091552734,
      72.73999786376953,
      73.08000183105469,
      72.8499984741211,
      71.31999969482422,
      70.6500015258789
    ]
  }
}