{
  "config": {
    "run_name": "exp1_1",
    "out_dir": "./results",
    "seed": 1596612434,
    "device": "cuda",
    "bs_train": 128,
    "bs_test": 32,
    "batches": 100,
    "epochs": 100,
    "early_stopping": 3,
    "checkpoints": null,
    "lr": 0.001,
    "reg": 0.001,
    "filters_per_layer": [
      32
    ],
    "layers_per_block": 8,
    "pool_every": 8,
    "hidden_dims": [
      100
    ],
    "model_type": "cnn",
    "kw": {}
  },
  "results": {
    "num_epochs": 7,
    "train_loss": [
      1.7152161598205566,
      1.2479832172393799,
      1.0533838272094727,
      0.916021466255188,
      0.8195087313652039,
      0.7283288240432739,
      0.6454138159751892
    ],
    "train_acc": [
      37.7599983215332,
      55.32600021362305,
      62.58599853515625,
      67.83799743652344,
      71.16600036621094,
      74.39199829101562,
      77.36000061035156
    ],
    "test_loss": [
      1.348480224609375,
      1.1640843152999878,
      1.057256817817688,
      1.0565996170043945,
      1.1494309902191162,
      1.1452654600143433,
      1.2430474758148193
    ],
    "test_acc": [
      51.48999786376953,
      58.47999954223633,
      62.06999969482422,
      63.189998626708984,
      62.22999954223633,
      62.65999984741211,
      62.56999969482422
    ]
  }
}