{
  "config": {
    "run_name": "exp1_4",
    "out_dir": "./results",
    "seed": 1492671906,
    "device": "cuda",
    "bs_train": 128,
    "bs_test": 32,
    "batches": 100,
    "epochs": 100,
    "early_stopping": 3,
    "checkpoints": null,
    "lr": 0.001,
    "reg": 0.001,
    "filters_per_layer": [
      32
    ],
    "layers_per_block": 32,
    "pool_every": 32,
    "hidden_dims": [
      100
    ],
    "model_type": "resnet",
    "kw": {}
  },
  "results": {
    "num_epochs": 15,
    "train_loss": [
      1.7259591817855835,
      1.491751790046692,
      1.4017753601074219,
      1.342360019683838,
      1.2921016216278076,
      1.2512620687484741,
      1.2173221111297607,
      1.1879608631134033,
      1.160730242729187,
      1.1359668970108032,
      1.1135653257369995,
      1.092451810836792,
      1.0722837448120117,
      1.0538527965545654,
      1.0356570482254028
    ],
    "train_acc": [
      38.737998962402344,
      47.185997009277344,
      50.194000244140625,
      52.40599822998047,
      54.12399673461914,
      55.70800018310547,
      56.821998596191406,
      57.907997131347656,
      58.94599914550781,
      59.84000015258789,
      60.70199966430664,
      61.46399688720703,
      62.14399719238281,
      62.88199996948242,
      63.54399871826172
    ],
    "test_loss": [
      1.5485148429870605,
      1.446877360343933,
      1.4061495065689087,
      1.3662515878677368,
      1.3345187902450562,
      1.3117778301239014,
      1.2928487062454224,
      1.2824146747589111,
      1.2787526845932007,
      1.2717806100845337,
      1.2663805484771729,
      1.261978030204773,
      1.2627320289611816,
      1.2633140087127686,
      1.263607382774353
    ],
    "test_acc": [
      44.48999786376953,
      48.63999938964844,
      50.189998626708984,
      51.56999969482422,
      52.64999771118164,
      53.69999694824219,
      54.46999740600586,
      55.02000045776367,
      55.349998474121094,
      55.55999755859375,
      55.64999771118164,
      55.84000015258789,
      56.07999801635742,
      56.03999710083008,
      56.18000030517578
    ]
  }
}