{
  "config": {
    "run_name": "exp1_2",
    "out_dir": "./results",
    "seed": 106938909,
    "device": "cuda",
    "bs_train": 128,
    "bs_test": 32,
    "batches": 100,
    "epochs": 100,
    "early_stopping": 3,
    "checkpoints": null,
    "lr": 0.001,
    "reg": 0.001,
    "filters_per_layer": [
      32
    ],
    "layers_per_block": 2,
    "pool_every": 2,
    "hidden_dims": [
      100
    ],
    "model_type": "cnn",
    "kw": {}
  },
  "results": {
    "num_epochs": 9,
    "train_loss": [
      1.575951099395752,
      1.2201248407363892,
      1.0525647401809692,
      0.9422050714492798,
      0.8472706079483032,
      0.7668989896774292,
      0.6944188475608826,
      0.6257438063621521,
      0.5661988854408264
    ],
    "train_acc": [
      43.60199737548828,
      56.74799728393555,
      62.94199752807617,
      67.00599670410156,
      70.44999694824219,
      73.31999969482422,
      75.93399810791016,
      78.48999786376953,
      80.58999633789062
    ],
    "test_loss": [
      1.3541673421859741,
      1.1385383605957031,
      1.0593656301498413,
      1.0230623483657837,
      0.9936425685882568,
      0.9896678924560547,
      1.0083258152008057,
      1.0339491367340088,
      1.1432229280471802
    ],
    "test_acc": [
      52.15999984741211,
      60.0,
      62.97999954223633,
      64.47000122070312,
      65.75,
      66.58999633789062,
      66.88999938964844,
      67.58000183105469,
      65.76000213623047
    ]
  }
}