{
  "config": {
    "run_name": "exp1_2",
    "out_dir": "./results",
    "seed": 1521614435,
    "device": "cuda",
    "bs_train": 128,
    "bs_test": 32,
    "batches": 100,
    "epochs": 100,
    "early_stopping": 3,
    "checkpoints": null,
    "lr": 0.001,
    "reg": 0.001,
    "filters_per_layer": [
      128
    ],
    "layers_per_block": 2,
    "pool_every": 2,
    "hidden_dims": [
      100
    ],
    "model_type": "cnn",
    "kw": {}
  },
  "results": {
    "num_epochs": 9,
    "train_loss": [
      1.5824373960494995,
      1.2579847574234009,
      1.1265597343444824,
      1.0202808380126953,
      0.9332135319709778,
      0.859385073184967,
      0.7948135137557983,
      0.7408850193023682,
      0.6943246722221375
    ],
    "train_acc": [
      43.2599983215332,
      55.37799835205078,
      60.2239990234375,
      64.03800201416016,
      67.19400024414062,
      69.88199615478516,
      72.197998046875,
      74.00999450683594,
      75.78199768066406
    ],
    "test_loss": [
      1.341424822807312,
      1.22493314743042,
      1.1472207307815552,
      1.1013489961624146,
      1.068252444267273,
      1.0383522510528564,
      1.0655481815338135,
      1.1178176403045654,
      1.1417186260223389
    ],
    "test_acc": [
      52.1099967956543,
      56.73999786376953,
      59.48999786376953,
      61.269996643066406,
      62.79999923706055,
      64.3499984741211,
      64.01000213623047,
      62.80999755859375,
      62.80999755859375
    ]
  }
}