{
  "config": {
    "run_name": "exp2",
    "out_dir": "./results",
    "seed": 1170191758,
    "device": "cuda",
    "bs_train": 128,
    "bs_test": 32,
    "batches": 100,
    "epochs": 100,
    "early_stopping": 3,
    "checkpoints": null,
    "lr": 0.001,
    "reg": 0.001,
    "filters_per_layer": [
      32,
      64,
      128
    ],
    "layers_per_block": 9,
    "pool_every": 9,
    "hidden_dims": [
      100
    ],
    "model_type": "ycn",
    "kw": {}
  },
  "results": {
    "num_epochs": 39,
    "train_loss": [
      1.999645471572876,
      1.8051462173461914,
      1.704224705696106,
      1.612604022026062,
      1.5320041179656982,
      1.4772194623947144,
      1.4198198318481445,
      1.3661797046661377,
      1.3164925575256348,
      1.2703863382339478,
      1.226178765296936,
      1.1852717399597168,
      1.1500118970870972,
      1.1151098012924194,
      1.0873225927352905,
      1.058653473854065,
      1.0361288785934448,
      1.0153528451919556,
      0.9921788573265076,
      0.9710214138031006,
      0.954778790473938,
      0.9372745752334595,
      0.9219852089881897,
      0.9072694182395935,
      0.889985978603363,
      0.8764605522155762,
      0.8655892610549927,
      0.8533182144165039,
      0.8397870659828186,
      0.828090250492096,
      0.8168478012084961,
      0.8085193634033203,
      0.7934472560882568,
      0.7834416627883911,
      0.7718175649642944,
      0.7640323638916016,
      0.7558262944221497,
      0.7474259734153748,
      0.7393906712532043
    ],
    "train_acc": [
      25.799999237060547,
      32.99799728393555,
      37.003997802734375,
      40.84600067138672,
      44.025997161865234,
      46.17399978637695,
      48.61199951171875,
      50.66600036621094,
      52.74399948120117,
      54.52399826049805,
      56.10599899291992,
      57.736000061035156,
      59.05799865722656,
      60.60199737548828,
      61.47599792480469,
      62.459999084472656,
      63.263999938964844,
      63.94999694824219,
      64.91400146484375,
      65.63600158691406,
      66.29399871826172,
      66.73799896240234,
      67.52799987792969,
      67.90599822998047,
      68.65799713134766,
      69.09199523925781,
      69.48199462890625,
      69.96599578857422,
      70.53199768066406,
      70.79199981689453,
      71.37799835205078,
      71.64799499511719,
      72.08399963378906,
      72.27399444580078,
      72.82599639892578,
      73.0999984741211,
      73.4219970703125,
      73.6780014038086,
      73.80400085449219
    ],
    "test_loss": [
      1.8014373779296875,
      1.7437334060668945,
      1.5616768598556519,
      1.4877341985702515,
      1.4241527318954468,
      1.365830659866333,
      1.313112497329712,
      1.2728873491287231,
      1.2211432456970215,
      1.1668932437896729,
      1.1458258628845215,
      1.1343064308166504,
      1.0857373476028442,
      1.0833251476287842,
      1.0359691381454468,
      1.02616286277771,
      1.017151117324829,
      0.9987637996673584,
      0.9994410276412964,
      0.9525232315063477,
      0.9545811414718628,
      0.9462506175041199,
      0.9345341324806213,
      0.9297866225242615,
      0.9172061085700989,
      0.8994266986846924,
      0.8851970434188843,
      0.8766011595726013,
      0.8728737235069275,
      0.869960367679596,
      0.8638222813606262,
      0.8680174946784973,
      0.8546337485313416,
      0.8511898517608643,
      0.8352162837982178,
      0.8340888023376465,
      0.8404660820960999,
      0.834128737449646,
      0.8381599187850952
    ],
    "test_acc": [
      32.30999755859375,
      35.119998931884766,
      41.48999786376953,
      45.04999923706055,
      47.79999923706055,
      50.029998779296875,
      52.3599967956543,
      53.63999938964844,
      55.96999740600586,
      57.98999786376953,
      58.68000030517578,
      59.23999786376953,
      61.19999694824219,
      61.279998779296875,
      63.0099983215332,
      63.44999694824219,
      64.29000091552734,
      64.93999481201172,
      64.86000061035156,
      66.54000091552734,
      66.68000030517578,
      67.20999908447266,
      67.62999725341797,
      67.94999694824219,
      68.16999816894531,
      68.69999694824219,
      69.41999816894531,
      69.69999694824219,
      69.83000183105469,
      69.93999481201172,
      70.13999938964844,
      69.98999786376953,
      70.65999603271484,
      70.94999694824219,
      71.0999984741211,
      71.23999786376953,
      70.97000122070312,
      71.54999542236328,
      71.72999572753906
    ]
  }
}