{
  "config": {
    "run_name": "exp2",
    "out_dir": "./results",
    "seed": 970512294,
    "device": "cuda",
    "bs_train": 128,
    "bs_test": 32,
    "batches": 100,
    "epochs": 100,
    "early_stopping": 3,
    "checkpoints": null,
    "lr": 0.001,
    "reg": 0.001,
    "filters_per_layer": [
      32,
      64,
      128
    ],
    "layers_per_block": 12,
    "pool_every": 12,
    "hidden_dims": [
      100
    ],
    "model_type": "ycn",
    "kw": {}
  },
  "results": {
    "num_epochs": 51,
    "train_loss": [
      2.1717417240142822,
      1.8466333150863647,
      1.7213207483291626,
      1.6247590780258179,
      1.554935336112976,
      1.5034452676773071,
      1.4622342586517334,
      1.4235912561416626,
      1.3967534303665161,
      1.3631516695022583,
      1.344862699508667,
      1.3267792463302612,
      1.3028782606124878,
      1.281982421875,
      1.2587720155715942,
      1.2381139993667603,
      1.223854660987854,
      1.194817304611206,
      1.1833677291870117,
      1.1626352071762085,
      1.1413358449935913,
      1.1418955326080322,
      1.1136029958724976,
      1.099065899848938,
      1.0807722806930542,
      1.073302984237671,
      1.0582785606384277,
      1.0428197383880615,
      1.0372816324234009,
      1.0213109254837036,
      1.008402705192566,
      0.9966989159584045,
      0.9866786599159241,
      0.9727106690406799,
      0.9629490971565247,
      0.9536970257759094,
      0.9454159140586853,
      0.9342947602272034,
      0.9237242341041565,
      0.9231270551681519,
      0.9080805778503418,
      0.9065885543823242,
      0.8960312604904175,
      0.8977447748184204,
      0.8884468674659729,
      0.8866368532180786,
      0.876595675945282,
      0.8632373809814453,
      0.8574054837226868,
      0.8562947511672974,
      0.8453826308250427
    ],
    "train_acc": [
      18.43000030517578,
      32.00600051879883,
      36.545997619628906,
      40.63399887084961,
      43.41600036621094,
      45.23999786376953,
      46.986000061035156,
      48.66999816894531,
      49.189998626708984,
      50.83599853515625,
      51.52799987792969,
      52.18000030517578,
      53.24399948120117,
      53.947998046875,
      54.795997619628906,
      55.62199783325195,
      56.4219970703125,
      57.39799880981445,
      57.74199676513672,
      58.70399856567383,
      59.237998962402344,
      59.48999786376953,
      60.28799819946289,
      60.9839973449707,
      61.50599670410156,
      61.99199676513672,
      62.529998779296875,
      63.02399826049805,
      63.35599899291992,
      63.981998443603516,
      64.51000213623047,
      64.90599822998047,
      65.0999984741211,
      65.71199798583984,
      65.9000015258789,
      66.25199890136719,
      66.70399475097656,
      67.11199951171875,
      67.4939956665039,
      67.46199798583984,
      68.10599517822266,
      68.01399993896484,
      68.42599487304688,
      68.29000091552734,
      68.77799987792969,
      68.56199645996094,
      69.18199920654297,
      69.70399475097656,
      69.91799926757812,
      69.64399719238281,
      70.07599639892578
    ],
    "test_loss": [
      1.897181510925293,
      1.7022149562835693,
      1.581250786781311,
      1.5464296340942383,
      1.4704358577728271,
      1.4002822637557983,
      1.3697690963745117,
      1.3500699996948242,
      1.3116140365600586,
      1.3139867782592773,
      1.2700587511062622,
      1.27616548538208,
      1.2470800876617432,
      1.233724594116211,
      1.2143129110336304,
      1.195277452468872,
      1.1796116828918457,
      1.1593544483184814,
      1.1388460397720337,
      1.1335176229476929,
      1.1188514232635498,
      1.1345555782318115,
      1.096380352973938,
      1.0921000242233276,
      1.0827757120132446,
      1.0835833549499512,
      1.0726656913757324,
      1.0518674850463867,
      1.0554839372634888,
      1.0550345182418823,
      1.0176739692687988,
      1.0124893188476562,
      1.0071090459823608,
      1.0165817737579346,
      1.0081970691680908,
      1.0041210651397705,
      0.9932656288146973,
      0.9772490859031677,
      1.0146160125732422,
      0.9813141822814941,
      0.9766241312026978,
      0.9776820540428162,
      0.9789881110191345,
      0.9694629311561584,
      0.9543567299842834,
      0.9672241806983948,
      0.9460057020187378,
      0.9354708194732666,
      0.9680021405220032,
      0.9507587552070618,
      0.9584134221076965
    ],
    "test_acc": [
      29.349998474121094,
      38.099998474121094,
      41.62999725341797,
      43.65999984741211,
      46.5099983215332,
      48.56999969482422,
      49.59000015258789,
      50.96999740600586,
      52.07999801635742,
      52.38999938964844,
      53.31999969482422,
      53.56999969482422,
      54.66999816894531,
      55.18000030517578,
      56.34000015258789,
      56.75,
      57.78999710083008,
      58.3599967956543,
      59.12999725341797,
      59.23999786376953,
      60.05999755859375,
      59.459999084472656,
      61.029998779296875,
      61.21999740600586,
      61.62999725341797,
      62.18000030517578,
      62.23999786376953,
      62.78999710083008,
      62.46999740600586,
      63.29999923706055,
      64.16999816894531,
      64.54000091552734,
      64.33000183105469,
      64.43000030517578,
      64.68000030517578,
      64.94999694824219,
      65.1500015258789,
      65.69999694824219,
      64.72999572753906,
      66.13999938964844,
      65.95999908447266,
      66.30999755859375,
      66.18000030517578,
      66.58999633789062,
      66.86000061035156,
      66.47999572753906,
      67.5999984741211,
      67.36000061035156,
      66.62999725341797,
      67.22000122070312,
      67.1500015258789
    ]
  }
}