{
  "config": {
    "run_name": "exp2",
    "out_dir": "./results",
    "seed": 525135655,
    "device": "cuda",
    "bs_train": 128,
    "bs_test": 32,
    "batches": 100,
    "epochs": 100,
    "early_stopping": 3,
    "checkpoints": null,
    "lr": 0.001,
    "reg": 0.001,
    "filters_per_layer": [
      32,
      64,
      128
    ],
    "layers_per_block": 3,
    "pool_every": 3,
    "hidden_dims": [
      100
    ],
    "model_type": "ycn",
    "kw": {}
  },
  "results": {
    "num_epochs": 17,
    "train_loss": [
      1.7584072351455688,
      1.4116625785827637,
      1.2090085744857788,
      1.054732084274292,
      0.9413782358169556,
      0.8548288345336914,
      0.7828255891799927,
      0.7329492568969727,
      0.6825256943702698,
      0.6416552066802979,
      0.6059163212776184,
      0.5694198608398438,
      0.5356651544570923,
      0.5149141550064087,
      0.48745426535606384,
      0.45915642380714417,
      0.43780529499053955
    ],
    "train_acc": [
      34.68600082397461,
      48.32600021362305,
      56.68000030517578,
      62.57600021362305,
      66.72599792480469,
      69.65399932861328,
      72.23799896240234,
      74.39199829101562,
      75.94200134277344,
      77.43000030517578,
      78.86000061035156,
      80.0260009765625,
      81.0719985961914,
      81.94599914550781,
      82.85199737548828,
      83.81599426269531,
      84.41199493408203
    ],
    "test_loss": [
      1.4855427742004395,
      1.1942367553710938,
      1.058465600013733,
      0.9481862187385559,
      0.8641693592071533,
      0.8042765855789185,
      0.7658355832099915,
      0.765547513961792,
      0.7375489473342896,
      0.7289608120918274,
      0.7165798544883728,
      0.6729282736778259,
      0.6963388919830322,
      0.6638492941856384,
      0.6702964305877686,
      0.6719850897789001,
      0.6662135720252991
    ],
    "test_acc": [
      46.21999740600586,
      57.05999755859375,
      62.53999710083008,
      66.90999603271484,
      69.8699951171875,
      72.15999603271484,
      73.20999908447266,
      74.04999542236328,
      74.54000091552734,
      75.45999908447266,
      75.77999877929688,
      77.5,
      76.94999694824219,
      78.02999877929688,
      78.18000030517578,
      78.5999984741211,
      78.8699951171875
    ]
  }
}