{
  "config": {
    "run_name": "exp2",
    "out_dir": "./results",
    "seed": 926062426,
    "device": "cuda",
    "bs_train": 128,
    "bs_test": 32,
    "batches": 100,
    "epochs": 100,
    "early_stopping": 3,
    "checkpoints": null,
    "lr": 0.001,
    "reg": 0.001,
    "filters_per_layer": [
      32,
      64,
      128
    ],
    "layers_per_block": 6,
    "pool_every": 6,
    "hidden_dims": [
      100
    ],
    "model_type": "ycn",
    "kw": {}
  },
  "results": {
    "num_epochs": 24,
    "train_loss": [
      1.9293222427368164,
      1.6620372533798218,
      1.525829553604126,
      1.4167721271514893,
      1.326310634613037,
      1.234143853187561,
      1.1664799451828003,
      1.1083173751831055,
      1.056210994720459,
      1.0127544403076172,
      0.9733241200447083,
      0.9358734488487244,
      0.9020597338676453,
      0.877177894115448,
      0.846775233745575,
      0.8243725299835205,
      0.7994441390037537,
      0.7731184959411621,
      0.7548157572746277,
      0.7276307940483093,
      0.7135844230651855,
      0.7019348740577698,
      0.6750634908676147,
      0.657533586025238
    ],
    "train_acc": [
      28.137998580932617,
      39.00600051879883,
      44.21799850463867,
      48.19999694824219,
      51.80799865722656,
      55.53199768066406,
      58.12999725341797,
      60.4219970703125,
      62.27399826049805,
      64.22799682617188,
      65.59600067138672,
      66.63600158691406,
      68.13399505615234,
      69.2760009765625,
      70.11599731445312,
      70.75399780273438,
      71.81199645996094,
      72.71599578857422,
      73.43599700927734,
      74.11399841308594,
      74.9939956665039,
      75.25999450683594,
      76.05799865722656,
      76.81800079345703
    ],
    "test_loss": [
      1.8219739198684692,
      1.535078525543213,
      1.3953336477279663,
      1.2861735820770264,
      1.2012028694152832,
      1.1330358982086182,
      1.0965508222579956,
      1.051156997680664,
      1.0152138471603394,
      0.9798795580863953,
      0.9434629082679749,
      0.9209340214729309,
      0.9062789678573608,
      0.8988422155380249,
      0.8727110624313354,
      0.8685634136199951,
      0.8380942940711975,
      0.8527184724807739,
      0.8453964591026306,
      0.8330274224281311,
      0.8218085169792175,
      0.8390987515449524,
      0.8704808354377747,
      0.8371574282646179
    ],
    "test_acc": [
      33.66999816894531,
      42.82999801635742,
      48.07999801635742,
      52.52000045776367,
      56.27000045776367,
      59.48999786376953,
      60.04999923706055,
      62.63999938964844,
      63.98999786376953,
      65.61000061035156,
      66.81999969482422,
      67.25,
      68.48999786376953,
      68.62999725341797,
      70.12999725341797,
      70.04000091552734,
      71.40999603271484,
      70.97000122070312,
      71.15999603271484,
      71.58999633789062,
      72.08999633789062,
      72.18000030517578,
      71.66999816894531,
      72.33000183105469
    ]
  }
}